Id,Business Date,Security Id,Symbol,Security Name,Open Price,High Price,Low Price,Close Price,Total Traded Quantity,Total Traded Value,Previous Day Close Price,Fifty Two Week High,Fifty Two Week Low,Last Updated Time,Last Updated Price,Total Trades,Average Traded Price,Market Capitalization
1,2025-02-17,131,NABIL,Nabil Bank Limited,487,495.9,485.3,494,70310,34507660.8,487,700,419,2025-02-17T14:59:59.678416,494,616,490.79,133661.57
2,2025-02-17,137,EBL,Everest Bank Limited,622.2,622.2,612,615.2,49733,30630347.1,610,790,487.3,2025-02-17T14:59:53.067304,615.2,287,615.89,79635.76
3,2025-02-17,140,MBL,Machhapuchhre Bank Limited,227.7,236.5,227.7,234,253204,58720213.7,227.6,295,157.8,2025-02-17T14:59:59.314537,234,437,231.9,27193.98
4,2025-02-17,141,LSL,Laxmi Sunrise Bank Limited,221.5,228.6,219,225.6,266980,60106820.9,219.5,300,143.6,2025-02-17T14:59:57.974116,225.6,535,225.13,54925.73
5,2025-02-17,142,KBL,Kumari Bank Limited,201,210.5,201,207.2,416349,85663795.5,200.8,272.9,129.6,2025-02-17T14:59:57.759311,207.2,1178,205.74,54339.98
6,2025-02-17,145,SBL,Siddhartha Bank Limited,277,289.6,277,288.4,48450,13779498.6,280.8,380,212.2,2025-02-17T14:59:57.405205,288.4,186,284.4,40635.5
7,2025-02-17,148,TRH,Taragaon Regency Hotel Limited,1140,1178.1,1130.2,1159,14179,16425979.1,1128.1,1538,695.1,2025-02-17T14:58:18.236681,1159,142,1158.47,22740.97
8,2025-02-17,149,OHL,Oriental Hotels Limited,945,1027,945,1006.2,58256,57821495.3,934.3,1205,704,2025-02-17T14:59:36.232412,1006.2,424,992.54,11918.39
9,2025-02-17,152,NHPC,National Hydro Power Company Limited,225.5,226.8,220,221.8,134193,30008953.5,222.9,290,136,2025-02-17T14:59:59.184352,221.8,380,223.62,5470.56
10,2025-02-17,153,BPCL,Butwal Power Company Limited,410,413,401.9,412,63136,25789330.6,405,536.5,284.4,2025-02-17T14:59:58.160171,412,204,408.47,14045.35
11,2025-02-17,154,CHCL,Chilime Hydropower Company Limited,535,535,525,526,30226,16012876.5,533,697,426.3,2025-02-17T14:59:59.325111,526,159,529.77,46195.41
12,2025-02-17,172,NABBC,Narayani Development Bank Limited,1393.6,1508,1375.1,1412,76345,108233645.1,1422,1508,392,2025-02-17T14:59:59.580945,1412,252,1417.69,3706.04
13,2025-02-17,176,NICL,Nepal Insurance Co. Ltd.,980,989,969,977,68201,66282112.6,984,1162,800,2025-02-17T14:59:35.584964,977,230,971.86,16064.24
14,2025-02-17,178,NLICL,National Life Insurance Co. Ltd.,600,600,595,596.1,19233,11512310,597,776.1,521.3,2025-02-17T14:59:56.748739,596.1,106,598.57,31069.53
15,2025-02-17,182,SPIL,Siddhartha Premier Insurance Limited,821,838,820,835.9,28211,23481641.8,828,1076,706,2025-02-17T14:59:56.962135,835.9,150,832.35,23459.95
16,2025-02-17,183,NIL,Neco Insurance Limited,781,789,778,778.1,8465,6605911.4,778,1050,750,2025-02-17T14:59:48.196129,778.1,82,780.37,19572.72
17,2025-02-17,186,IGI,IGI Prudential insurance Limited,621,632,620,622,86937,54470343.6,620,760,507,2025-02-17T14:59:48.474186,622,469,626.54,18842.46
18,2025-02-17,188,LICN,Life Insurance Corporation (Nepal) Limited,1110.9,1110.9,1080.6,1090,28063,30671188.5,1097,2475,1070,2025-02-17T14:59:09.858216,1090,264,1092.94,54500
19,2025-02-17,192,SICL,Shikhar Insurance Co. Ltd.,755,772,755,772,18130,13810019.7,755.9,1120,669.4,2025-02-17T14:59:58.863946,772,138,761.72,22545.81
20,2025-02-17,195,BNL,Bottlers Nepal (Balaju) Limited,17143.2,17486,17143.2,17486,30,517724,17493,23765.6,10447.7,2025-02-17T13:12:47.797017,17486,2,17257.46,34078.24
21,2025-02-17,213,BNT,Bottlers Nepal (Terai) Limited,13265.1,13350,13016,13209.9,215,2829309,13005,18100,11960.1,2025-02-17T14:59:51.969982,13209.9,15,13159.57,15983.98
22,2025-02-17,236,PFL,Pokhara Finance Ltd.,496.8,520,466,475,300974,146580817.3,487.1,795,339.9,2025-02-17T14:59:58.217874,475,2463,487.02,5142.14
23,2025-02-17,250,JFL,Janaki Finance Company Limited,589,625,585,588.6,156811,94413004.6,577.5,1083.3,350,2025-02-17T14:59:53.084611,588.6,1572,602.08,4064.12
24,2025-02-17,255,PRVU,Prabhu  Bank Limited,221.3,225.9,218,224,235079,52484000.2,217.6,297,132,2025-02-17T14:59:56.954488,224,778,223.26,52735.18
25,2025-02-17,263,GMFIL,Guheshowori Merchant Bank & Finance Co. Ltd.,554.2,584,554.2,558.5,54085,30543647.2,565.5,759,333,2025-02-17T14:59:58.528695,558.5,376,564.73,5653
26,2025-02-17,338,PROFL,Progressive Finance Limited,650.1,650.1,618,622.6,75319,47245828.6,637.8,865,295,2025-02-17T14:59:58.26058,622.6,629,627.27,5330.12
27,2025-02-17,341,GBIME,Global IME Bank Limited,220,225,219.5,224.9,182178,40641966.4,219.3,302,170,2025-02-17T14:59:45.372962,224.9,775,223.08,85722.55
28,2025-02-17,360,AHPC,Arun Valley Hydropower Development Co. Ltd.,265,269.7,264.5,265,100119,26646306.2,265,349,149,2025-02-17T14:59:59.799741,265,353,266.14,10197.21
29,2025-02-17,132,NIMB,Nepal Investment Mega Bank Limited,214,220.3,211.1,218,230318,50084035.1,212,295,147.4,2025-02-17T14:59:30.946228,218,738,217.45,74400.34
30,2025-02-17,133,SCB,Standard Chartered Bank Limited,665,670.9,655.2,666,42904,28561103.7,663,790,497.4,2025-02-17T14:58:38.252063,666,194,665.69,66882.17
31,2025-02-17,134,HBL,Himalayan Bank Limited,231,239,230.9,237.5,63404,14963042.1,231,312.1,167.1,2025-02-17T14:59:58.319288,237.5,330,235.99,51434.46
32,2025-02-17,135,SBI,Nepal SBI Bank Limited,412,425.5,412,424.8,45270,19029662.1,415,549,268.6,2025-02-17T14:59:34.322383,424.8,170,420.35,46299.62
33,2025-02-17,139,NICA,NIC Asia Bank Ltd.,371,386.9,370.7,382,108899,41212054.5,370.7,573,341.6,2025-02-17T14:59:57.60317,382,638,378.44,56985.11
34,2025-02-17,147,SHL,Soaltee Hotel Limited,499,524.9,491,510.3,92094,46987920.8,499,636.5,416.5,2025-02-17T14:59:54.024226,510.3,384,510.21,52145.65
35,2025-02-17,155,STC,Salt Trading Corporation,5220,5309,5220,5255,2416,12760377.7,5220,7000,4210,2025-02-17T14:59:12.408125,5255,72,5281.61,16853.68
36,2025-02-17,156,BBC,Bishal Bazar Company Limited,5550,5620,5500,5520.2,747,4129403,5600,7247,3525,2025-02-17T14:58:36.588921,5520.2,49,5527.98,221360.02
37,2025-02-17,163,NUBL,Nirdhan Utthan Laghubitta Bittiya Sanstha Limited,704.5,717.7,703,707,33580,23815389.9,691,930.2,578.3,2025-02-17T14:58:41.148908,707,289,709.21,18467.4
38,2025-02-17,164,CBBL,Chhimek Laghubitta Bittiya Sanstha Limited,880,891,872,888,24719,21961980.8,876.5,1155,800,2025-02-17T14:59:41.508159,888,346,888.46,28552.27
39,2025-02-17,166,DDBL,Deprosc Laghubitta Bittiya Sanstha Limited,816,840,816,839.9,30613,25436448.6,814,1099,670,2025-02-17T14:59:54.077743,839.9,270,830.9,15691.73
40,2025-02-17,171,SANIMA,Sanima Bank Limited,302.9,304,294.1,303.3,137788,41341714.8,297,382,228,2025-02-17T14:59:58.636421,303.3,419,300.03,41192.77
41,2025-02-17,177,RBCL,Rastriya Beema Company Limited,14549,14617,14413,14617,210,3053299,14450,22493.9,12800,2025-02-17T14:59:36.092407,14617,17,14539.51,38974.26
42,2025-02-17,179,HEI,Himalayan Everest Insurance Limited,650,660,641,650.1,26307,17139603,639,810,537.1,2025-02-17T14:59:50.72101,650.1,199,651.52,16253.52
43,2025-02-17,180,UAIL,United Ajod Insurance Limited,698.9,703,693,695,26898,18763752.9,695,837.3,514,2025-02-17T14:59:42.201995,695,234,697.58,14595
44,2025-02-17,184,PRIN,Prabhu Insurance Ltd.,996,1004,990,1002,9786,9772469.4,999,1113,705,2025-02-17T14:59:54.551234,1002,75,998.61,14443.71
45,2025-02-17,185,SALICO,Sagarmatha Lumbini Insurance Co. Limited,720,734.4,716,734.4,15272,11090405.4,720,926,602,2025-02-17T14:59:56.395527,734.4,115,726.19,19260.65
46,2025-02-17,187,NLIC,Nepal Life Insurance Co. Ltd.,725,728.5,712,724.5,31702,22930453.5,712.9,1060,566,2025-02-17T14:59:36.378164,724.5,300,723.31,65413.39
47,2025-02-17,194,NFS,Nepal Finance Ltd.,825,857.7,825,838,169128,142815020.3,809.8,2614.9,331,2025-02-17T14:59:58.558971,838,1956,844.41,7030.35
48,2025-02-17,204,GUFL,Gurkhas Finance Ltd.,682.3,682.3,640,655,51468,33992337.6,669,1041,548,2025-02-17T14:59:58.231889,655,422,660.45,5685.36
49,2025-02-17,210,CIT,Citizen Investment Trust,1975,1975,1952,1967,13186,25890742,1949,2700,1887,2025-02-17T14:59:52.959559,1967,244,1963.5,127495.29
50,2025-02-17,219,UNL,Unilever Nepal Limited,47500,47500,47000,47000,30,1415000,47000,56805.8,38300,2025-02-17T13:40:47.948639,47000,3,47166.66,43272.9
51,2025-02-17,227,BFC,Best Finance Company Ltd.,690,704,667,668,105352,71274107.5,694.8,951.6,310,2025-02-17T14:59:58.659783,668,870,676.53,5948.03
52,2025-02-17,232,GFCL,Goodwill Finance Limited,794,811,768.5,777,53584,42012098.2,794,1353,419,2025-02-17T14:59:59.808957,777,501,784.04,7351.32
53,2025-02-17,235,HDL,Himalayan Distillery Limited,1187,1200,1187,1191,28262,33728758.4,1187,1749,1136,2025-02-17T14:59:56.890691,1191,452,1193.43,36604.22
54,2025-02-17,238,NMB,NMB Bank Limited,248,251.9,242.4,250.2,106444,26353062.6,245,300,162,2025-02-17T14:59:58.251238,250.2,406,247.57,45953.5
55,2025-02-17,244,SIFC,Shree Investment Finance Co. Ltd.,600,611.9,585.1,590,36517,21703594.3,600,795,336.2,2025-02-17T14:59:47.551626,590,386,594.34,5900
56,2025-02-17,245,CFCL,Central Finance Co. Ltd.,670.1,670.1,625,627,141176,89945318.5,657,820,318,2025-02-17T14:59:55.49612,627,895,637.11,5949.45
57,2025-02-17,256,SFCL,Samriddhi Finance Company Limited,650.7,660,615.8,622,74311,46888440.02,638,1117.9,293,2025-02-17T14:59:59.032042,622,579,630.97,5093.63
58,2025-02-17,268,SWBBL,Swabalamban Laghubitta Bittiya Sanstha Limited,921.7,921.7,903.3,916,24640,22473585.3,907,1232,670,2025-02-17T14:59:52.309552,916,185,912.07,15174.68
59,2025-02-17,273,ICFC,ICFC Finance Limited,698,700,674.6,676,41057,28009173.4,685.5,910,462,2025-02-17T14:59:59.283597,676,376,682.2,8000.26
60,2025-02-17,274,EDBL,Excel Development Bank Ltd.,777,838.2,760,838.2,170849,133272812.5,762,838.2,334.5,2025-02-17T14:59:59.668233,838.2,628,780.06,10474.94
61,2025-02-17,307,NTC,Nepal Doorsanchar Company Limited,898.9,901,885,897,18497,16546112.2,885,1214,800,2025-02-17T14:59:48.961216,897,253,894.52,161460
62,2025-02-17,348,CZBIL,Citizens Bank International Limited,210.5,216.8,210,215.5,78977,16897512.6,209.5,296,152.5,2025-02-17T14:59:58.71927,215.5,327,213.95,31827.22
63,2025-02-17,357,PCBL,Prime Commercial Bank Ltd.,246.2,255,245,253,100293,25045557.2,245.9,329,186,2025-02-17T14:59:51.913153,253,428,249.72,49088.52
64,2025-02-17,358,LBBL,Lumbini Bikas Bank Ltd.,459,459,432.2,455,42004,19015969.8,450,560,361,2025-02-17T14:59:59.133147,455,137,452.71,16487.74
65,2025-02-17,371,MDB,Miteri Development Bank Limited,733.3,745,721,726.4,109940,80883850.9,719,843.5,375,2025-02-17T14:59:54.329452,726.4,481,735.7,8841.01
66,2025-02-17,385,ALICL,Asian Life Insurance Co. Limited,755,775,755,773,31171,24019572.6,770,825,523,2025-02-17T14:59:59.628566,773,186,770.57,26280.74
67,2025-02-17,396,NMLBBL,Nerude Mirmire Laghubitta Bittiya Sanstha Limited,718.9,725,710,712,22959,16516643.1,706,988,504.5,2025-02-17T14:59:45.633384,712,221,719.39,9952.08
68,2025-02-17,401,MLBL,Mahalaxmi Bikas Bank Ltd.,415,420.5,407.2,419,99556,41127104.4,413,498,308,2025-02-17T14:59:46.841002,419,324,413.1,18002.16
69,2025-02-17,417,GBBL,Garima Bikas Bank Limited,400,400,394.1,397.2,40882,16267192.1,396,531.4,350,2025-02-17T14:59:54.984269,397.2,205,397.9,22563.02
70,2025-02-17,450,CORBL,Corporate Development Bank Limited,1990.4,2080,1990.4,2079,15738,32344448.1,2031,2842.3,393.9,2025-02-17T14:59:59.757191,2079,219,2055.18,10914.75
71,2025-02-17,459,KSBBL,Kamana Sewa Bikas Bank Limited,455,455,449,454,65239,29487162.7,450.9,564.8,330,2025-02-17T14:59:56.045309,454,226,451.98,15939.24
72,2025-02-17,469,NIMBPO,Nepal Investment Mega Bank Ltd. Promoter Share,151.1,158,151.1,156,1141,176494.1,152.1,222,122.8,2025-02-17T14:58:19.201105,156,10,154.68,28559.76
73,2025-02-17,471,MPFL,Multipurpose Finance Company  Limited,760.2,760.2,723,725,60841,44541785.9,746,936.9,328,2025-02-17T14:59:58.50462,725,451,732.1,4423.95
74,2025-02-17,474,MNBBL,Muktinath Bikas Bank Ltd.,373,376.7,372.2,375.1,64615,24181465.2,373,482,332.4,2025-02-17T14:59:56.103983,375.1,319,374.23,26433.07
75,2025-02-17,544,PCBLP,Prime Commercial Bank Promoter Share,105.2,105.2,105.2,105.2,12521,1317209.2,105.2,144,101.6,2025-02-17T13:32:49.357607,105.2,1,105.2,42.08
76,2025-02-17,559,NLG,NLG Insurance Company Ltd.,1014.9,1065.7,970,1027,41063,41633812.1,995,1382,715.3,2025-02-17T14:59:52.235601,1027,287,1013.9,25702.42
77,2025-02-17,574,SKBBL,Sana Kisan Bikas Laghubitta Bittiya Sanstha Limited,833,849.9,817,830,18403,15320025.3,817,1105,789,2025-02-17T14:59:31.151207,830,183,832.47,35794.76
78,2025-02-17,583,GBLBS,Grameen Bikas Laghubitta Bittiya Sanstha Ltd.,925,949.9,925,940.1,57731,54276666.3,913.2,979.5,517.2,2025-02-17T14:59:58.195237,940.1,560,940.16,9236.48
79,2025-02-17,593,KMCDB,Kalika Laghubitta Bittiya Sanstha Ltd,1224.2,1270,1203,1253,29442,36841410,1200.2,1285,622.6,2025-02-17T14:59:56.21842,1253,407,1251.32,5108.39
80,2025-02-17,601,MLBBL,Mithila LaghuBitta Bittiya Sanstha Limited,1755,1860,1755,1826,14651,26675340.2,1789.8,1960,747,2025-02-17T14:59:56.63161,1826,245,1820.71,4089.02
81,2025-02-17,618,LLBS,Laxmi Laghubitta Bittiya Sanstha Ltd.,1180,1195,1171,1185,7781,9218628.4,1158.9,1428,720,2025-02-17T14:59:17.323098,1185,88,1184.76,5233.7
82,2025-02-17,687,VLBS,Vijaya laghubitta Bittiya Sanstha Ltd.,964.8,1003.6,964.8,979,11949,11777336.7,946,1174,564.9,2025-02-17T14:59:07.80154,979,172,985.63,7293.95
83,2025-02-17,693,HLBSL,Himalayan Laghubitta Bittiya Sanstha Limited,1093.8,1134,1085,1088.3,32386,35795799.1,1075,1447,545.1,2025-02-17T14:59:04.335896,1088.3,309,1105.28,3480.58
84,2025-02-17,694,MATRI,Matribhumi Lagubitta Bittiya Sanstha Limited,1430,1430,1365,1386.5,14259,20109548.9,1409,1716,775,2025-02-17T14:59:58.41873,1386.5,168,1410.3,8712.18
85,2025-02-17,393,HLI,Himalayan Life Insurance Limited,418,430,418,427,48605,20679881.2,418,607,364.1,2025-02-17T14:59:32.453381,427,451,425.46,39041.62
86,2025-02-17,397,ADBL,Agricultural Development Bank Limited,292,300.9,289.5,295,70893,20876768.9,291.4,428.4,220.5,2025-02-17T15:00:00.001681,295,351,294.48,40872.91
87,2025-02-17,403,SJLIC,SuryaJyoti Life Insurance Company Limited,447,459,447,453,48084,21760894.1,447,644,395.1,2025-02-17T14:59:51.633553,453,419,452.55,22704.12
88,2025-02-17,418,JBBL,Jyoti Bikas Bank Limited,354.2,365,354.2,363.9,69017,25006722,359,445,275,2025-02-17T14:59:58.97931,363.9,273,362.32,15996.27
89,2025-02-17,472,SADBL,Shangrila Development Bank Ltd.,414,414,406.7,410.9,66378,27214527.8,407.9,497,285,2025-02-17T14:59:40.547511,410.9,170,409.99,14612.66
90,2025-02-17,473,SHINE,Shine Resunga Development Bank Ltd.,444.7,444.7,434.1,436.8,49471,21603500.1,436,625,353,2025-02-17T14:59:59.180928,436.8,252,436.69,21297.07
91,2025-02-17,490,FMDBL,First Micro Finance Laghubitta Bittiya Sanstha Limited,830,856.8,825,848.5,131606,111440494.9,827,1004,565,2025-02-17T14:59:57.664239,848.5,724,846.77,11411.23
92,2025-02-17,516,MFIL,Manjushree Finance Ltd.,669,670.1,654.3,659,42867,28348766.4,657,917,480.2,2025-02-17T14:59:59.097235,659,350,661.31,8906.73
93,2025-02-17,517,NBL,Nepal Bank Limited,255.7,260,251.6,258,104068,26680602.6,254.8,337.5,195.1,2025-02-17T14:59:48.566085,258,367,256.37,37910.58
94,2025-02-17,545,SLBBL,Swarojgar Laghubitta Bittiya Sanstha Ltd.,1029,1075,1029,1055,50001,52994532.1,1050,1250,541,2025-02-17T14:59:49.401512,1055,395,1059.86,7080.16
95,2025-02-17,561,SINDU,Sindhu Bikash Bank Ltd,1097.6,1119,1082.1,1093,51711,57092956.2,1119.9,1349.6,300,2025-02-17T14:59:59.590102,1093,585,1104.07,6093
96,2025-02-17,587,RLFL,Reliance Finance Ltd.,634.3,682.9,634.3,666,368206,242663282.9,621.9,838,339,2025-02-17T14:59:56.780369,666,2506,659.04,7468.87
97,2025-02-17,591,SHPC,Sanima Mai Hydropower Ltd.,499,515,486.2,506.8,234890,117408922,490.1,680,316,2025-02-17T14:59:59.240869,506.8,548,499.84,18944.15
98,2025-02-17,610,RIDI,Ridi Power Company Limited,236,236.5,231,235.5,121973,28558283.4,232.8,311,154.5,2025-02-17T14:59:08.664042,235.5,348,234.13,5471.49
99,2025-02-17,634,RBCLPO,Rastriya Beema Company Limited Promoter Share,11340,11344,11160,11181,390,4386358,11160,16270,9893.1,2025-02-17T14:54:28.601752,11181,10,11247.07,19860.77
100,2025-02-17,686,BARUN,Barun Hydropower Co. Ltd.,488,493.5,476.5,478.5,113458,54659418.5,484,524,211,2025-02-17T14:59:58.05636,478.5,519,481.75,2563.87
101,2025-02-17,695,JSLBB,Janautthan Samudayic Laghubitta Bittya Sanstha Limited,1739.1,1840,1710.1,1824,27143,48852647.1,1705,1840,839,2025-02-17T14:59:57.191751,1824,386,1799.82,3102.48
102,2025-02-17,704,NMBMF,NMB  Microfinance Bittiya Sanstha Ltd.,820,876,816.1,864.9,46911,40161150.1,820,918,480,2025-02-17T14:59:51.587898,864.9,393,856.11,6239.81
103,2025-02-17,705,GILB,Global IME Laghubitta Bittiya Sanstha Ltd.,1399,1435.6,1389.1,1418,24034,34070821.4,1385,1815,750,2025-02-17T14:59:47.936829,1418,296,1417.6,8776
104,2025-02-17,1741,MERO,Mero Microfinance Bittiya Sanstha Ltd.,768.9,780.3,741,778.4,38197,29413618.7,754.8,980,512,2025-02-17T14:59:57.645492,778.4,346,770.05,11045.5
105,2025-02-17,2742,HIDCL,Hydorelectricity Investment and Development Company Ltd,272,278.1,270,270,319163,87460437.9,271,360,158.1,2025-02-17T14:59:51.419964,270,855,274.03,66311.5
106,2025-02-17,2743,NGPL,Ngadi Group Power Ltd.,280,288,280,284.2,283995,80435932.9,279.7,571,250,2025-02-17T14:59:42.199065,284.2,606,283.23,10522.67
107,2025-02-17,2744,GRDBL,Green Development Bank Ltd.,1504.3,1558,1425.9,1470,62823,92162386.8,1535,2001.4,340.1,2025-02-17T14:59:59.630256,1470,287,1467.01,7919.21
108,2025-02-17,2748,RSDC,RSDC Laghubitta Bittiya Sanstha Ltd.,740,765,740,761,46705,35527448.2,748.6,890,503,2025-02-17T14:59:40.721013,761,270,760.67,7869.23
109,2025-02-17,2757,AKPL,Arun Kabeli Power Ltd.,238.4,238.4,233.7,235.5,87650,20720004,233.8,326,157.2,2025-02-17T14:59:58.091031,235.5,322,236.39,9174.94
110,2025-02-17,2758,FOWAD,Forward Microfinance Laghubitta Bittiya Sanstha Limited,1260,1291.5,1260,1286,4670,5993622.7,1258.3,1739,976,2025-02-17T14:58:40.424935,1286,82,1283.43,15379.97
111,2025-02-17,2760,UMHL,United Modi Hydropower Ltd.,383,394,381.3,383.1,205616,79412875.9,390,419,223.1,2025-02-17T14:59:59.092256,383.1,773,386.21,4714.05
112,2025-02-17,2761,SMATA,Samata Gharelu Laghubitta Bittiya Sanstha Limited,917,965,917,946,20271,19301236.5,913.6,1271,558,2025-02-17T14:59:33.311946,946,367,952.16,5950.83
113,2025-02-17,697,API,Api Power Company Ltd.,284,288,283.1,284,192106,54717004.2,283,390,162,2025-02-17T14:59:59.526635,284,727,284.82,17255.63
114,2025-02-17,700,HEIP,Himalayan Everest Insurance Limited Promoter,393.1,403,393.1,396.1,16340,6526611.3,398,563,323.1,2025-02-17T14:59:28.736305,396.1,42,399.42,1059.58
115,2025-02-17,706,SWMF,Suryodaya Womi Laghubitta Bittiya Sanstha Limited,815,825,799.2,824,11558,9434788,800,1214.8,645.6,2025-02-17T14:59:53.787307,824,175,816.29,9115.8
116,2025-02-17,2746,NMFBS,National Laghubitta Bittiya Sanstha Limited,1300,1388,1300,1345.1,15709,21304343.8,1300,1727,1027,2025-02-17T14:58:41.374954,1345.1,221,1356.18,17911.47
117,2025-02-17,2751,KKHC,Khanikhola Hydropower Co. Ltd.,378,393.4,378,386,42650,16578456.2,381,475,209,2025-02-17T14:59:53.427631,386,258,388.7,1797.66
118,2025-02-17,2754,DHPL,Dibyashwori Hydropower Ltd.,330,357.5,326.2,357.5,201713,70933005.2,325,357.5,185.3,2025-02-17T14:59:30.774678,357.5,882,351.65,943.8
119,2025-02-17,2759,SPDL,Synergy Power Development Ltd.,373,376.5,365.2,366.9,147977,54620894.2,371,389,220.2,2025-02-17T14:59:58.541224,366.9,476,369.11,4438.99
120,2025-02-17,2769,NHDL,Nepal Hydro Developers Ltd.,897,928,891,892,19678,17693998.8,915,940,408,2025-02-17T14:59:55.170758,892,138,899.17,3462.71
121,2025-02-17,2776,RADHI,Radhi Bidyut Company Ltd,408,424.4,408,411.9,198045,81992790.8,416,477,223.2,2025-02-17T14:59:59.754504,411.9,556,414.01,7574.76
122,2025-02-17,2779,NICGF,NIC Asia Growth Fund,10.52,10.66,10.51,10.66,9600,101996,10.7,11.91,8.98,2025-02-17T14:52:45.868384,10.66,8,10.62,890.32
123,2025-02-17,2780,CMF1,Citizens Mutual Fund -1,10.63,10.7,10.63,10.7,14890,159050.4,10.62,11.22,8.33,2025-02-17T14:54:06.889782,10.7,10,10.68,877.4
124,2025-02-17,2781,WNLB,Wean Nepal Laghubitta Bittiya Sanstha Limited,3020,3273.6,3020,3273.6,14396,46911759.1,2976,3500,744.8,2025-02-17T14:52:12.464979,3273.6,226,3258.66,2593.06
125,2025-02-17,2784,NADEP,Nadep Laghubittiya bittya Sanstha Ltd.,1019,1040.8,1002,1032.1,14207,14633079.2,1000,1190,500,2025-02-17T14:58:37.864903,1032.1,150,1029.99,5013.53
126,2025-02-17,2786,PMHPL,Panchakanya Mai Hydropower Ltd,341.7,341.7,325,326,31620,10358769.1,335,348.8,214.2,2025-02-17T14:59:47.319916,326,154,327.6,3586
127,2025-02-17,2787,KPCL,Kalika power Company Ltd,617,628,609.1,609.1,110130,67985895.8,609,652.4,380.2,2025-02-17T14:59:55.736722,609.1,466,617.32,5688.69
128,2025-02-17,2788,AKJCL,Ankhu Khola Jalvidhyut Company Ltd,206,209.9,206,206.2,256256,53300496.4,207,274.9,150.9,2025-02-17T14:59:58.07967,206.2,683,207.99,4124
129,2025-02-17,2789,JOSHI,Joshi Hydropower Development Company Ltd,428,436,420,428.6,78210,33558662.6,421,521.6,265,2025-02-17T14:59:56.040763,428.6,444,429.08,1591.82
130,2025-02-17,2790,ACLBSL,Aarambha Chautari Laghubitta Bittiya Sanstha Limited,1218,1275,1218,1264,24237,30378113.7,1213,1491,585,2025-02-17T14:59:51.916234,1264,346,1253.37,4640.69
131,2025-02-17,2804,SLBSL,Samudayik Laghubitta Bittiya Sanstha Limited,2370,2399,2290,2390,5297,12438067.8,2332,3047,721,2025-02-17T14:59:57.037976,2390,134,2348.13,4082.24
132,2025-02-17,2809,SHIVM,SHIVAM CEMENTS LTD,530,534.1,528,534.1,84922,45151142.3,525,779.9,459,2025-02-17T14:59:49.444491,534.1,441,531.67,29144.81
133,2025-02-17,2811,MHNL,Mountain Hydro Nepal Limited,278.9,278.9,270,272,21849,5985432.4,274,379,215.7,2025-02-17T14:59:59.675854,272,135,273.94,3400
134,2025-02-17,2824,HURJA,Himalaya Urja Bikas Company Limited,251,259.8,251,253.6,182779,46826238.8,255.9,335.5,183.6,2025-02-17T14:59:56.734713,253.6,564,256.19,5021.28
135,2025-02-17,2828,SAND2085,10% Sanima Bank Limited Debenture,1080.6,1080.6,1080.6,1080.6,25,27015,1101.6,1256.6,1028,2025-02-17T12:10:03.617523,1080.6,1,1080.6,2161.2
136,2025-02-17,2829,SMFBS,Swabhimaan Laghubitta Bittiya Sanstha Limited,2014,2209.9,2014,2173,20770,43872936.1,2013,2426.4,830.1,2025-02-17T14:59:56.559998,2173,349,2112.32,3175.59
137,2025-02-17,2831,UNHPL,Union Hydropower Limited,354.4,362,354,355,118001,42324166.8,353,371,212.6,2025-02-17T14:59:59.58502,355,448,358.67,2662.5
138,2025-02-17,2832,ILBS,Infinity Laghubitta Bittiya Sanstha Limited,1020.2,1060,1020.2,1048,10060,10577843.8,1032,1492,658,2025-02-17T14:59:58.653912,1048,174,1051.47,5212.92
139,2025-02-17,2842,SJCL,SANJEN JALAVIDHYUT COMPANY LIMITED,350.8,356.9,350.8,352,21587,7625220.1,354,442,256,2025-02-17T14:59:27.909627,352,184,353.23,11563.2
140,2025-02-17,2859,SIGS2,Siddhartha Investment Growth Scheme - 2,9.5,9.51,9.5,9.5,12000,114027,9.59,10.39,7.35,2025-02-17T14:34:49.229646,9.5,4,9.5,1140
141,2025-02-17,2766,CHL,Chhyangdi Hydropower Ltd.,549.7,549.7,517.1,528.8,71067,37633975.9,539,566,281.3,2025-02-17T14:59:48.365287,528.8,316,529.55,2046.34
142,2025-02-17,2767,HPPL,Himalayan Power Partner Ltd.,628,639,611,611.1,233431,145460886.7,627.3,656,244,2025-02-17T14:59:56.050604,611.1,704,623.14,6510.76
143,2025-02-17,2768,MSLB,Mahuli Laghubitta Bittiya Sanstha Limited,1448.5,1500,1445,1488,13659,20271835,1448.5,1851,790,2025-02-17T14:59:58.610793,1488,525,1484.13,5504.46
144,2025-02-17,2770,SEF,Siddhartha Equity Fund,9.89,9.89,9.7,9.88,81200,801312.5,9.73,10.49,7.42,2025-02-17T14:56:21.976715,9.88,20,9.86,1482
145,2025-02-17,2771,SMB,Support Microfinance Bittiya Sanstha Ltd.,2898,3157,2898,2941,9889,29716975.3,2870,4026.2,929,2025-02-17T14:59:25.162897,2941,299,3005.05,3601.06
146,2025-02-17,2774,USLB,Unnati Sahakarya Laghubitta Bittiya Sanstha Limited,1900,2052,1851,1989,21120,40780153.7,1935,2363.3,965,2025-02-17T14:59:23.024684,1989,359,1930.87,4910.16
147,2025-02-17,2792,UPPER,Upper Tamakoshi Hydropower Ltd,206.9,206.9,203,204,158218,32261970,202.9,295,152.1,2025-02-17T14:59:57.17139,204,672,203.9,43207.2
148,2025-02-17,2806,GHL,Ghalemdi Hydro Limited,235,238.5,228,230,279771,64781568.6,233.9,283,141,2025-02-17T14:59:55.19836,230,757,231.55,3795
149,2025-02-17,2807,ALBSL,Asha Laghubitta Bittiya Sanstha Ltd,920,947,920,937,27372,25694485.1,915,1177,616.9,2025-02-17T14:59:55.101102,937,307,938.71,6868.64
150,2025-02-17,2810,UPCL,UNIVERSAL POWER COMPANY LTD,312.3,312.3,301,302,118840,36174382,306.2,345,183,2025-02-17T14:59:56.000302,302,466,304.39,6885.39
151,2025-02-17,2813,PPCL,Panchthar Power Compant Limited,329,329,316.1,319.9,24505,7830265.3,324.9,367.2,220,2025-02-17T14:59:59.372282,319.9,151,319.53,3079.04
152,2025-02-17,2815,GMFBS,Ganapati Laghubitta Bittiya Sanstha Limited,1907.9,1974.9,1906,1974.9,12812,24909903.4,1872,2327,800,2025-02-17T14:59:28.759073,1974.9,211,1944.26,2993.05
153,2025-02-17,2826,GLBSL,Gurans Laghubitta Bittiya Sanstha Limited,2671.4,2881,2671.4,2881,5276,15180142.4,2619.1,3300,883.6,2025-02-17T14:59:59.804437,2881,145,2877.2,3337.62
154,2025-02-17,2835,NBF2,NABIL BALANCED FUND-2,9.3,9.54,9.23,9.53,13500,127852,9.38,10.63,7.65,2025-02-17T14:59:36.917152,9.53,15,9.47,1067.36
155,2025-02-17,2841,RHPL,RASUWAGADHI HYDROPOWER COMPANY LIMITED,437.5,443,427,427,142070,61446819.6,437,527,260.3,2025-02-17T14:59:55.459139,427,574,432.51,29215.77
156,2025-02-17,2860,SAPDBL,Saptakoshi Development Bank Ltd,1380.9,1380.9,1268.1,1268.1,54767,69867166.5,1409,1622.7,242.1,2025-02-17T14:59:58.525461,1268.1,475,1275.71,10580.25
157,2025-02-17,2863,NICBF,NIC Asia Balanced Fund,9.04,9.11,9.04,9.11,2250,20364.5,9.21,10.5,7.71,2025-02-17T14:45:23.10069,9.11,4,9.05,687.8
158,2025-02-17,2867,NMB50,NMB 50,10.13,10.38,10.13,10.38,11107,113660.3,10.31,12.54,8.95,2025-02-17T14:46:47.698145,10.38,13,10.23,1297.5
159,2025-02-17,2880,HDHPC,Himal Dolakha Hydropower Company Limited,205,205,200,200.9,131568,26613841.2,203,273,123.3,2025-02-17T14:59:56.883816,200.9,461,202.28,5625.2
160,2025-02-17,2886,ADBLD83,10.35% Agricultural Bank Debenture 2083,1100,1100,1100,1100,250,275000,1121.5,1160,1010,2025-02-17T14:19:26.984631,1100,2,1100,2750
161,2025-02-17,2887,NICLBSL,NIC ASIA Laghubitta Bittiya Sanstha Limited,696.1,744,696.1,734.8,47661,34421806.3,705,907,520.3,2025-02-17T14:59:58.405956,734.8,537,722.22,12781.41
162,2025-02-17,2903,LEC,Liberty Energy Company Limited,205.8,209,205,207.8,162781,33703280.3,210,344,175.1,2025-02-17T14:59:39.523898,207.8,706,207.04,4675.5
163,2025-02-17,2907,SSHL,Shiva Shree Hydropower Ltd,236.1,248,236.1,238.4,97141,23295927.3,236.1,281.1,154,2025-02-17T14:59:50.67342,238.4,373,239.81,3519.74
164,2025-02-17,2913,MEN,Mountain Energy Nepal Limited,601,605,598.4,598.7,67519,40534287.9,597.8,809.5,498.1,2025-02-17T14:59:56.171385,598.7,385,600.33,15582.46
165,2025-02-17,2915,PMLI,Prabhu Mahalaxmi Life Insurance Limited,590.5,590.5,570,580,18640,10723547.2,579,732.2,473,2025-02-17T14:59:58.587301,580,308,575.29,27408.48
166,2025-02-17,2917,CGH,Chandragiri Hills Limited,890,904.5,885,894,35134,31464381.5,888,1360,760,2025-02-17T14:59:46.883472,894,358,895.55,13714.77
167,2025-02-17,2919,NIFRA,Nepal Infrastructure Bank Limited,282,290,278.3,279,369689,104706580.3,282,366.6,188.1,2025-02-17T14:59:59.381019,279,1578,283.22,60264
168,2025-02-17,2923,SLCF,Sanima Large Cap Fund,9.32,9.5,9.32,9.45,4900,46117,9.5,10.6,7.37,2025-02-17T14:57:50.204548,9.45,19,9.41,1134
169,2025-02-17,2862,CMF2,CITIZENS MUTUAL FUND 2,9.4,9.43,9.23,9.32,1700,15936,9.4,10.68,7.44,2025-02-17T14:45:44.469822,9.32,5,9.37,521.92
170,2025-02-17,2869,NICAD8283,11% NIC Asia Debenture 082/83,1085,1085,1085,1081,121,131281,1099,1262.7,1014,2025-02-17T14:57:50.656015,1081,4,1084.96,1978.23
171,2025-02-17,2881,NRIC,Nepal Reinsurance Company Limited,961,1015,961,1011,325068,326435355,980,1052,630.1,2025-02-17T14:59:59.727806,1011,1794,1004.2,135698.31
172,2025-02-17,2896,SMPDA,Sampada Laghubitta Bittiya Sanstha Limited,1024,1107,1024,1060,17436,18668667.3,1044,1470.8,572,2025-02-17T14:59:59.306417,1060,259,1070.69,7429.1
173,2025-02-17,2897,SMPDAP,Sampada Laghubitta Bittiya Sanstha Limited Promoter,550,550,495,495,163574,81559978.8,550,550,327,2025-02-17T12:51:08.017192,495,10,498.61,
174,2025-02-17,2898,NRN,NRN Infrastructure and Development Limited,1411,1445,1410,1440,184331,264758352.8,1411,1448.4,478.3,2025-02-17T14:59:58.935745,1440,885,1436.32,18494.96
175,2025-02-17,2902,LUK,Laxmi Unnati Kosh,9.45,9.5,9.45,9.5,1800,17032,9.61,10.22,7.8,2025-02-17T14:51:28.352964,9.5,5,9.46,619.99
176,2025-02-17,2904,PBLD84,10% Prabhu Bank Debenture 2084 ,1078,1078,1072,1072,101,108728,1068,1130,976.5,2025-02-17T11:55:24.492808,1072,5,1076.51,2144
177,2025-02-17,2908,SGIC,Sanima GIC Insurance Limited,685.3,707,685.3,697.3,34926,24471007.7,691,817.1,488,2025-02-17T14:59:43.959218,697.3,401,700.65,13946
178,2025-02-17,2914,UMRH,United IDI Mardi RB Hydropower Limited.,762,790,742,763.2,229413,173841612.2,749.8,790,325,2025-02-17T14:59:58.957873,763.2,1041,757.76,3381.74
179,2025-02-17,2922,SBD87,8.5% Sanima Debenture 2087,1050,1050,1050,1050,100,105000,1050,1080,885,2025-02-17T14:56:23.02554,1050,4,1050,3205.02
180,2025-02-17,2925,MLBSL,Mahila Lagubitta Bittiya Sanstha Limited ,2351,2487.7,2351,2458,17312,42261716,2398.9,2648.7,1538.1,2025-02-17T14:59:54.115743,2458,261,2441.18,5347.69
181,2025-02-17,2935,RURU,Ru Ru Jalbidhyut Pariyojana Limited,759,762,752.5,757.9,29752,22574516.3,752,926.8,484.9,2025-02-17T14:59:50.934268,757.9,207,758.75,4299.74
182,2025-02-17,4947,PSF,Prabhu Select Fund,9.9,10.11,9.9,10.11,13700,137784,10.01,11.1,8.33,2025-02-17T14:57:43.534922,10.11,29,10.05,1263.75
183,2025-02-17,4965,SAMAJ,Samaj Laghubittya Bittiya Sanstha Limited,3450,3734.5,3450,3683.9,4982,17951591.6,3395,4181,1586.7,2025-02-17T14:59:59.815352,3683.9,212,3603.29,841.77
184,2025-02-17,4968,RMF1,RBB Mutual Fund 1,8.57,9.05,8.57,9.05,16800,148509,8.67,10.19,7.43,2025-02-17T14:59:43.478092,9.05,17,8.83,1131.25
185,2025-02-17,8005,MKJC,Mailung Khola Jal Vidhyut Company Limited,588,594,583,587,60623,35718344.7,588,735,402,2025-02-17T14:59:58.188075,587,306,589.18,2209
186,2025-02-17,8020,JBBD87,Jyoti Bikash Bank Bond 2087,1043.1,1060,1043.1,1060,155,163792.5,1051,1105,890.1,2025-02-17T12:54:04.521186,1060,4,1056.72,1590
187,2025-02-17,8021,SAHAS,Sahas Urja Limited,504.1,509.8,504.1,507,126976,64375589,504,725,409.5,2025-02-17T14:59:59.817695,507,836,506.99,19164.6
188,2025-02-17,8022,TPC,Terhathum Power Company Limited,620,627,614,618,50810,31489555.6,618,671.6,410,2025-02-17T14:59:47.222992,618,312,619.75,2472
189,2025-02-17,8023,MMF1,Mega Mutual Fund -1,8.44,8.77,8.41,8.58,22889,195899.56,8.6,9.72,6.53,2025-02-17T14:59:54.477889,8.58,42,8.55,1072.5
190,2025-02-17,8024,NBF3,Nabil Balanced Fund-3,8.99,9.17,8.99,9.17,19271,174798.07,9.17,10.45,7.05,2025-02-17T14:42:28.426884,9.17,38,9.07,1146.25
191,2025-02-17,8032,BNHC,Buddha Bhumi Nepal Hydropower Company Limited,576.1,576.1,551.8,557,41852,23339060.6,564.9,742,420.5,2025-02-17T14:59:58.48917,557,303,557.65,2228
192,2025-02-17,8044,EBLD86,Everest Bank Limited,1030,1030,1030,1030,25,25750,1032,1080,884.2,2025-02-17T14:53:36.652077,1030,1,1030,882.49
193,2025-02-17,8045,GVL,Green Ventures Limited,551.5,551.5,537,544,17015,9184248.6,541,699.9,402.4,2025-02-17T14:58:58.69335,544,204,539.77,18700
194,2025-02-17,8055,BHL,Balephi Hydropower Limited,379.4,379.4,360,364,18853,6865426.7,372,520,312,2025-02-17T14:59:57.581105,364,183,364.15,13307.62
195,2025-02-17,8065,CYCL,CYC Nepal Laghubitta Bittiya Sanstha Limited,1780,1861.5,1744.4,1840,23847,43318017.5,1746.7,1923.9,1080.1,2025-02-17T14:59:58.612194,1840,546,1816.49,4902.21
196,2025-02-17,8066,RFPL,River Falls Power Limited,900,900,865,865,54233,47387330.3,885,1484,308,2025-02-17T14:59:53.790207,865,682,873.77,6055
197,2025-02-17,2924,GLH,GreenLife Hydropower Limited,264,269,261,262.5,68046,17977863.2,262.1,336,196,2025-02-17T14:59:59.138643,262.5,267,264.2,4725
198,2025-02-17,2933,KEF,Kumari Equity Fund,8.76,9.02,8.76,9.02,15200,134925,8.92,10.76,7.65,2025-02-17T14:56:21.671133,9.02,22,8.87,902
199,2025-02-17,2934,SHEL,Singati Hydro Energy Limited,254,257.9,251.1,252,146183,37101814.3,254,334.4,143.1,2025-02-17T14:59:57.507166,252,451,253.8,7308
200,2025-02-17,2937,SBCF,Sunrise Bluechip Fund,8.91,9.22,8.91,9.22,4350,39223,9.03,10.04,7.33,2025-02-17T14:57:26.717292,9.22,8,9.01,1152.5
201,2025-02-17,3946,CHDC,CEDB Holdings Limited,2268,2268,2180,2194,124134,274377096.7,2224,2370,627,2025-02-17T14:59:59.789814,2194,932,2210.32,22691.16
202,2025-02-17,4949,NIBSF2,NIBL Samriddhi Fund -2,8.11,8.33,8.01,8.23,9900,81637,8.11,9.6,7.07,2025-02-17T14:43:19.395635,8.23,37,8.24,1234.5
203,2025-02-17,4951,JBLB,Jeevan Bikas Laghubitta  Bittya Sanstha Ltd,1425,1430,1413,1421,7720,10990671.5,1402,1920,1205,2025-02-17T14:59:45.085051,1421,210,1423.66,21829
204,2025-02-17,4963,NMBD87/88,NMB Debenture 8.50% - 2087/88,1031,1045,1026.2,1045,136,141496,1051.6,1082.2,895,2025-02-17T14:20:53.227449,1045,3,1040.41,2090
205,2025-02-17,4967,NICSF,NIC Asia Select Fund 30,9.07,9.43,9.07,9.25,4045,37266.35,9.25,11.45,8.31,2025-02-17T14:42:16.351847,9.25,13,9.21,1156.25
206,2025-02-17,5982,SRLI,Sanima Reliance Life Insurance Limited,432.6,435,425,435,127910,54917135.7,424.2,654,412.1,2025-02-17T14:59:59.081931,435,702,429.34,21545.83
207,2025-02-17,6985,SDBD87,Shangri-la Development Bank Debenture 2087,1060,1060,1060,1060,75,79500,1050,1114,885.2,2025-02-17T14:23:17.219726,1060,2,1060,795
208,2025-02-17,7986,NICD88,NIC ASIA Rinpatra 2088,1050,1050,1050,1050,50,52500,1042,1083,935,2025-02-17T14:47:57.390649,1050,1,1050,1652.57
209,2025-02-17,8018,MLBS,Manushi Laghubitta Bittiya Sanstha Limited,2332.9,2379,2270,2325,21115,49040363.2,2334,2530,620,2025-02-17T14:59:57.039889,2325,304,2322.53,2542.97
210,2025-02-17,8025,SPC,Samling Power Company Limited,667.6,667.6,639,642,132283,86402339.8,655.1,722,464,2025-02-17T14:59:59.641734,642,717,653.16,3210
211,2025-02-17,8026,NYADI,Nyadi Hydropower Limited,689.1,714,666,700,102609,71893164.7,703.1,880,260.3,2025-02-17T14:59:59.634653,700,895,700.65,10500
212,2025-02-17,8031,MBJC,Madhya Bhotekoshi Jalavidyut Company Limited,350,356,349.2,350.4,62240,21938003.5,351,433,279.3,2025-02-17T14:59:59.991254,350.4,598,352.47,21024
213,2025-02-17,8034,ENL,Emerging Nepal Limited,1210.1,1235,1209.1,1229,4056,4987669.6,1232,1453.5,728,2025-02-17T14:59:43.641812,1229,85,1229.7,6828.32
214,2025-02-17,8041,NESDO,NESDO Sambridha Laghubitta Bittiya Sanstha Limited,2349.9,2366.6,2321,2357.3,3482,8182971.4,2349.3,2641,1492.1,2025-02-17T14:59:28.333043,2357.3,103,2350.07,6011.11
215,2025-02-17,8043,CBLD88,Civil Bank Debenture 2088,1150,1150,1150,1150,100,115000,1132.1,1254.2,983,2025-02-17T14:28:09.603521,1150,3,1150,3450
216,2025-02-17,8063,ULBSL,Upakar Laghubitta Bittiya Sanstha Limited,4885.3,4990,4620,4900,7106,34917646,4985,6600,1045,2025-02-17T14:59:58.654307,4900,148,4913.82,5201.26
217,2025-02-17,8074,KDBY,Kumari Dhanabriddhi Yojana,8.99,9.27,8.99,9.17,6400,58825,9.09,11,8.15,2025-02-17T14:58:53.960987,9.17,22,9.19,36.68
218,2025-02-17,8075,BHDC,Bindhyabasini Hydropower Development Company Limited,725,728,706,717,27655,19733685.4,714,829.7,434,2025-02-17T14:59:57.03064,717,235,713.56,8130.78
219,2025-02-17,8097,PBD88,10% Prime Debenture 2088,1142.4,1142.4,1121,1121,36,40591.4,1120,1219.7,985,2025-02-17T14:02:46.199966,1121,2,1127.53,1952.65
220,2025-02-17,8099,UHEWA,Upper Hewakhola Hydropower Company Limited,897,899.1,874,882,4296,3806960.8,881.5,969,329.1,2025-02-17T14:59:06.356688,882,101,886.16,4410
221,2025-02-17,8102,MHL,Mandakini Hydropower Limited,855,868.9,847,847,9656,8268522.9,855,1101,361.5,2025-02-17T14:59:56.053192,847,154,856.3,5478.12
222,2025-02-17,8104,USHEC,Upper Solu Hydro Electric Company Limited,730,730,705.6,714,29071,20747382.9,727,752,333.2,2025-02-17T14:59:58.066198,714,204,713.67,9639
223,2025-02-17,8108,RHGCL,Rapti Hydro And General Construction Limited,674.3,681,665,669.5,40241,27010692.4,674.9,700.7,275,2025-02-17T14:59:55.564043,669.5,287,671.22,4102.65
224,2025-02-17,8110,SBID83,10.25% Nepal SBI Bank Debenture 2083,1071.1,1071.1,1069.1,1069.1,70,74953.5,1090.5,1147.4,1005,2025-02-17T14:50:39.834277,1069.1,3,1070.76,2567.42
225,2025-02-17,8070,DORDI,Dordi Khola Jal Bidyut Company Limited,655,655,625,629,61372,38790340.6,642.9,696,386,2025-02-17T14:59:58.82745,629,543,632.05,6631.3
226,2025-02-17,8073,NICFC,NIC Asia Flexi CAP Fund,9.03,9.3,9.03,9.13,1800,16521,9.2,10.99,8.13,2025-02-17T14:57:35.265785,9.13,13,9.17,93.13
227,2025-02-17,8076,HHL,Himalayan Hydropower Limited,585,625,585,597,46312,27846589.7,590,635,318,2025-02-17T14:59:58.622961,597,347,601.28,6537.15
228,2025-02-17,8100,SGHC,Swet-Ganga Hydropower & Construction Limited ,629,630.1,612.5,612.5,29820,18474416.5,621,649.5,295.2,2025-02-17T14:59:59.1209,612.5,237,619.53,9757.13
229,2025-02-17,8106,GIBF1,Global IME Balanced Fund-1,9.69,10.61,9.55,10.61,3500,34233,9.69,10.61,7.92,2025-02-17T14:26:35.495532,10.61,16,9.78,1088.34
230,2025-02-17,8123,DLBS,Dhaulagiri Laghubitta Bittiya Sanstha Limited,1825,1921,1825,1890,9507,17992002.2,1825,2250,751,2025-02-17T14:58:49.960328,1890,206,1892.5,2515.59
231,2025-02-17,8126,SIKLES,Sikles Hydropower Limited,1355,1475,1341,1387.9,5471,7486482.1,1363,1475,452,2025-02-17T14:59:59.333125,1387.9,181,1368.39,11797.15
232,2025-02-17,8131,EHPL,Eastern Hydropower Limited,853,855,842.2,852.1,21813,18500281.5,839,997,415.7,2025-02-17T14:59:55.456573,852.1,177,848.13,5283.02
233,2025-02-17,9135,BHPL,Barahi Hydropower Public Limited,1088,1215,1088,1200,17298,19371407.9,1110.1,1275,449,2025-02-17T14:59:59.63951,1200,160,1119.86,3000
234,2025-02-17,9138,NIBLGF,NIBL Growth Fund,8.45,8.62,8.45,8.55,3400,28927,8.5,10.64,7.69,2025-02-17T14:00:30.006497,8.55,6,8.5,1128.6
235,2025-02-17,9140,UNLB,Unique Nepal Laghubitta Bittiya Sanstha Limited,2682,2829,2667,2777,12528,34581961.2,2630.2,3223,1190,2025-02-17T14:59:51.770813,2777,322,2760.37,4125.93
236,2025-02-17,9147,SPL,Shuvam Power Limited,981,1020,981,1007,9124,9212241.7,990,1109.6,619,2025-02-17T14:59:47.642333,1007,128,1009.67,2014
237,2025-02-17,9148,SMH,Super Mai Hydropower Limited,1064,1104.6,1058.5,1104.6,6106,6556225.3,1072,1283,640,2025-02-17T14:57:00.049407,1104.6,103,1073.73,5909.61
238,2025-02-17,9149,MKHC,Maya Khola Hydropower Company Limited,563,585,563,574,41338,23708111.8,565,627,271.9,2025-02-17T14:59:59.632211,574,305,573.51,5740
239,2025-02-17,9150,AHL,Asian Hydropower Limited,811,891,811,849,17591,15040882,825,904,410.1,2025-02-17T14:59:59.586513,849,204,855.03,2886.6
240,2025-02-17,9154,SFEF,Sunrise Focused Equity Fund,9.23,9.23,9.07,9.09,1300,11853,9.4,10.66,7.41,2025-02-17T13:54:49.145719,9.09,7,9.11,909
241,2025-02-17,9156,TAMOR,Sanima Middle Tamor Hydropower Limited,578,586,572.6,573.1,82497,47797975.6,577.4,637,348,2025-02-17T14:59:47.68391,573.1,485,579.39,19098.56
242,2025-02-17,9158,MHCL,Molung Hydropower Company Limited,640.5,640.5,620,624.9,88825,56074115.9,628,640.5,355,2025-02-17T14:59:58.943557,624.9,622,631.28,5014.82
243,2025-02-17,9159,SMJC,Sagarmatha Jalabidhyut Company Limited,576.1,591,576.1,581.9,47771,27940395.7,580,800,343.6,2025-02-17T14:58:38.353584,581.9,369,584.88,6826.85
244,2025-02-17,9167,MKHL,Mai Khola Hydropower Limited,688,717,688,709,27916,19877695.5,700,745,342,2025-02-17T14:59:58.223085,709,239,712.05,2780.39
245,2025-02-17,9168,GBILD84/85,Global IME Bank Debenture, 2084/85,1170.6,1170.6,1170.6,1191,8,9532.4,1170.6,1220,1000,2025-02-17T14:59:14.969485,1191,3,1191.55,5955
246,2025-02-17,9171,BEDC,Bhugol Energy Development Company Limited,885.3,950,837.9,950,80105,69770262.3,868,1080,327,2025-02-17T14:59:59.233613,950,470,870.98,5168.51
247,2025-02-17,9173,CITY,City Hotel Limited,920,950,920,938.9,18508,17419695.9,930,1168.5,559,2025-02-17T14:59:46.69701,938.9,280,941.19,15717.19
248,2025-02-17,9178,RMF2,RBB Mutual Fund 2,9.02,9.1,9,9.1,12850,115815,9.19,10.73,7.91,2025-02-17T14:55:19.911948,9.1,6,9.01,769.97
249,2025-02-17,9179,MEL,Modi Energy Limited,369.2,369.2,354,359.9,62276,22336427.6,362,393,203,2025-02-17T14:59:59.14038,359.9,513,358.66,10437.1
250,2025-02-17,9181,RAWA,Rawa Energy Development Limited,880.2,924,867,899,51383,46386364.7,863,950.6,430.2,2025-02-17T14:59:57.944612,899,430,902.75,2517.2
251,2025-02-17,9183,NRM,Nepal Republic Media Limited,599,605,580,600,195709,115617822.7,590,619,330.4,2025-02-17T14:59:57.978152,600,1039,590.76,5805
252,2025-02-17,9184,ILI,IME Life Insurance Company Limited,511,513.2,498,512,98846,50423017.3,501.9,606,412.5,2025-02-17T14:59:58.107728,512,1101,510.11,25600
253,2025-02-17,8111,HIDCLP,Hydorelectricity Investment and Development Company Limited Promoter,182.2,182.2,175.6,177.9,307559,55036094.3,178.8,212,97.2,2025-02-17T14:59:59.00027,177.9,460,178.94,5870.7
254,2025-02-17,8117,AVYAN,Aviyan Laghubitta Bittiya Sanstha Limited,1224,1285,1224,1269,24296,30659664.9,1224,1306.8,580,2025-02-17T14:59:57.578759,1269,331,1261.92,3172.5
255,2025-02-17,8121,SPHL,Sayapatri Hydropower Limited,852,871,852,865,8056,6963667.5,852,922,443,2025-02-17T14:52:15.322128,865,131,864.4,2595
256,2025-02-17,8122,PPL,People's Power Limited,605,615,596,598,34137,20579665.6,606,683.4,299.1,2025-02-17T14:59:54.565263,598,295,602.85,3782.95
257,2025-02-17,8125,NSIF2,NMB Sulav Investment Fund - 2,10.05,10.25,10.05,10.16,1200,12130,10.2,12.47,8.57,2025-02-17T14:10:40.563949,10.16,9,10.1,1240.54
258,2025-02-17,8132,SHLB,Shrijanshil Laghubitta Bittiya Sanstha Limited,2670.1,2907,2670.1,2791,7751,22130733.3,2700,2907,777,2025-02-17T14:59:42.884929,2791,204,2855.21,3052.66
259,2025-02-17,8133,PHCL,Peoples Hydropower Company Limited,687.2,687.2,668,680,225228,151544433.6,701.2,701.2,275.1,2025-02-17T14:59:57.577668,680,1053,672.84,21760
260,2025-02-17,9139,SAGF,Sanima Growth Fund,9.15,9.25,9.15,9.25,600,5515,9.3,10.93,8.15,2025-02-17T13:08:07.285024,9.25,6,9.19,622.09
261,2025-02-17,9146,SMHL,Super Madi Hydropower Limited,1070.2,1099.8,1056,1075.1,29438,31631822.2,1070,1657,421.5,2025-02-17T14:59:53.050714,1075.1,366,1074.52,23705.95
262,2025-02-17,9151,KDL,Kalinchowk Darshan Limited,1220,1220,1181,1188,10199,12198421.1,1197,1381,735,2025-02-17T14:57:42.089316,1188,165,1196.04,7128
263,2025-02-17,9161,ANLB,Aatmanirbhar Laghubitta Bittiya Sanstha Limited,4946.9,5074.9,4870,5074.9,1659,8280800.9,4861,6735,1777.6,2025-02-17T14:59:54.927172,5074.9,76,4991.44,3975.84
264,2025-02-17,9166,MAKAR,Makar Jitumaya Suri Hydropower Limited,827,835,803.6,813,72796,59141306.9,836,860,342,2025-02-17T14:59:58.866933,813,333,812.42,6178.8
265,2025-02-17,9170,DOLTI,Dolti Power Company Limited,784.4,790,753.5,779.9,26836,20892178.8,769.1,1017,348,2025-02-17T14:59:49.237882,779.9,279,778.51,4184.05
266,2025-02-17,9174,PRSF,Prabhu Smart Fund,10.05,10.12,10.05,10.12,600,6057,10.25,11.3,8.21,2025-02-17T14:35:58.71486,10.12,5,10.09,1012
267,2025-02-17,9175,MCHL,Menchhiyam Hydropower Limited,678,691,660.1,660.4,18018,12037141.9,675,714,312.8,2025-02-17T14:59:59.676199,660.4,196,668.06,3583.22
268,2025-02-17,9176,IHL,Ingwa Hydropower Limited,820,831,814.1,820,94017,77133315.1,814,838,323.1,2025-02-17T14:59:49.415301,820,455,820.41,4920
269,2025-02-17,9182,SIGS3,Siddhartha Investment Growth Scheme 3,9.65,9.8,9.65,9.71,14600,141759,9.62,10.81,7.86,2025-02-17T14:57:50.440394,9.71,9,9.7,782.43
270,2025-02-17,9198,LVF2,Laxmi Value Fund 2,8.91,9,8.91,9,3109,27905.64,9,10.01,7.5,2025-02-17T14:45:43.430017,9,9,8.97,720
271,2025-02-17,9199,RNLI,Reliable Nepal Life Insurance Limited,563,570,562,568,99661,56515145.4,562,600.1,410,2025-02-17T14:59:58.204372,568,874,567.07,26355.2
272,2025-02-17,9201,SNLI,Sun Nepal Life Insurance Company Limited,680.3,683.9,676,676.6,58941,40072851.6,680.3,708,447.2,2025-02-17T14:59:52.928255,676.6,757,679.88,26804.19
273,2025-02-17,9203,MEHL,Manakamana Engineering Hydropower Limited,656,679,656,670.5,73396,49107273.2,668,679,275,2025-02-17T14:59:58.196296,670.5,704,669.07,5364
274,2025-02-17,9211,SBID89,9% Nepal SBI Bank Rinpatra 2089,1100,1100,1100,1100,18,19800,1113,1135,882,2025-02-17T14:37:00.724657,1100,1,1100,1560.2
275,2025-02-17,9214,BGWT,Bhagawati Hydropower Development Company Limited,1137,1188,1137,1165,8448,9706083.9,1160,1361.7,548,2025-02-17T14:59:50.173663,1165,178,1148.92,6931.14
276,2025-02-17,9215,MSHL,Mid Solu Hydropower Limited,1046,1087.3,1035,1035,12154,12783954.6,1065,1180,562,2025-02-17T14:59:59.637174,1035,169,1051.83,7745.94
277,2025-02-17,9217,MMKJL,Mathillo Mailun Khola Jalvidhyut Limited,778.2,807,778.2,783,23767,18755373.3,794,890.4,391,2025-02-17T14:59:56.126092,783,250,789.13,7830
278,2025-02-17,9221,H8020,Himalayan 80-20,10.02,10.1,9.9,10.1,155900,1566764,10.03,10.83,8.3,2025-02-17T14:53:21.658792,10.1,13,10.04,101
279,2025-02-17,9225,VLUCL,Vision Lumbini Urja Company Limited ,778,793,778,784,57299,45027431.3,778,816,445.1,2025-02-17T14:59:51.620941,784,430,785.83,14994
280,2025-02-17,9230,MKCL,Muktinath Krishi Company Limited,1647,1758,1647,1723,26800,46489118.2,1680,1926,785,2025-02-17T14:59:58.917615,1723,404,1734.66,12061
281,2025-02-17,9191,C30MF,Citizens Super 30 Mutual Fund,9.25,9.25,9.25,9.25,100,925,9.25,10.92,8.11,2025-02-17T12:49:10.558001,9.25,1,9.25,694.42
282,2025-02-17,9192,USHL,Upper Syange Hydropower Limited,815,825,805.2,815,4713,3828684.4,811.1,961,443.2,2025-02-17T14:59:58.213938,815,112,812.36,1793
283,2025-02-17,9193,GCIL,Ghorahi Cement Industry Limited,495,501.1,493.2,495,22014,10923766.5,492.8,668,446.3,2025-02-17T14:59:41.146201,495,382,496.21,22610.04
284,2025-02-17,9194,TSHL,Three Star Hydropower Limited,907.2,925,901,908,9766,8900725.7,907.2,1231,460.6,2025-02-17T14:59:58.071748,908,143,911.39,4471.9
285,2025-02-17,9196,KBSH,Kutheli Bukhari Small Hydropower Limited,2509.9,2728,2460,2728,9940,26598995,2480,3300,915,2025-02-17T14:52:56.760651,2728,143,2675.95,3657
286,2025-02-17,9197,LBBLD89,11% L.B.B.L. Debenture 2089,1160,1160,1160,1200,32,37296.3,1159.2,1270,1000,2025-02-17T14:58:39.896916,1200,5,1165.5,1200
287,2025-02-17,9208,ULHC,Upper Lohore Khola Hydropower Company Limited,632,638,605.1,620.1,54755,34135279,630,693,300,2025-02-17T14:59:51.006645,620.1,425,623.41,3161.29
288,2025-02-17,9209,CLI,Citizen Life Insurance Company Limited,722,743.5,722,730,56014,40980450.7,729,763.9,418.5,2025-02-17T14:59:57.199416,730,709,731.61,28743.75
289,2025-02-17,9212,MANDU,Mandu Hydropower Limited,985,1011,960.1,960.5,10434,10155610.5,972,1493.1,648.6,2025-02-17T14:59:43.630082,960.5,176,973.31,13097.73
290,2025-02-17,9213,HATHY,Hathway Investment Nepal Limited,1446,1470,1445,1459,33922,49504680.2,1445,1816,805.9,2025-02-17T14:59:59.213914,1459,444,1459.36,41310.13
291,2025-02-17,9216,SONA,Sonapur Minerals And Oil Limited,464,477.6,464,477.6,55838,26302407.3,464,624,406.1,2025-02-17T14:59:55.858136,477.6,760,471.04,14686.44
292,2025-02-17,9218,TVCL,Trishuli Jal Vidhyut Company Limited ,600,604,590,590.1,18932,11290549.6,598,697,431,2025-02-17T14:59:56.922791,590.1,206,596.37,10931.6
293,2025-02-17,9231,CIZBD90,10% Citizens Bank Debenture 2090,1124,1124,1124,1124,25,28100,1140,1205,1000,2025-02-17T14:23:32.559307,1124,1,1124,3372
294,2025-02-17,9232,CKHL,Chirkhwa Hydropower Limited ,820,844.9,820,835,16559,13867021.8,830,910,480.5,2025-02-17T14:58:28.736796,835,178,837.43,3340
295,2025-02-17,9234,HRL,Himalayan Reinsurance Limited,855,878,850,876,175548,152208387.6,848.5,1060,512,2025-02-17T14:59:57.717549,876,2085,867.04,91104
296,2025-02-17,9236,NICGF2,NIC ASIA Growth Fund-2,8.91,9.02,8.91,8.92,6600,59341,9.02,9.79,7.32,2025-02-17T14:46:29.59221,8.92,15,8.99,807.26
297,2025-02-17,9242,SARBTM,Sarbottam Cement Limited,820.9,820.9,805,814,47393,38444782.4,804.9,1083,556,2025-02-17T14:59:56.396328,814,326,811.19,40500.57
298,2025-02-17,9245,MNMF1,Muktinath Mutual Fund 1,8.83,9.1,8.83,9.03,25580,230852.1,9,10.42,8.7,2025-02-17T14:59:41.510851,9.03,48,9.02,1128.75
299,2025-02-17,9233,NWCL,Nepal Warehousing Company Limited ,1013,1059.8,1013,1058.8,12930,13553748.8,1020,1264,678,2025-02-17T14:59:59.498509,1058.8,227,1048.24,7279.25
300,2025-02-17,9241,KSY,Kumari Sabal Yojana,9.83,9.83,8.93,9.24,24350,225358.5,9.83,10.91,7.77,2025-02-17T14:59:42.705848,9.24,19,9.25,688.15
301,2025-02-17,9244,NIBLSTF,NIBL Stable Fund,8.15,8.62,8.15,8.62,1200,10199,8.16,10.55,7.95,2025-02-17T14:46:26.742801,8.62,8,8.49,974.06
302,2025-02-17,9246,GMLI,Guardian Micro Life Insurance Limited ,533,586.3,533,586.3,1310,765936,533,586.3,301,2025-02-17T14:59:48.585136,586.3,131,584.68,4397.25